﻿Employee_Name,EmpID,GenderID,EmpStatusID,DeptID,PerfScoreID,FromDiversityJobFairID,Salary,Termd,PositionID,Position,State,DOB,Gender,CitizenDesc,ATSI,DateofHire,DateofTermination,TermReason,EmploymentStatus,Department,ManagerName,ManagerID,RecruitmentSource,PerformanceScore,EngagementSurvey,EmpSatisfaction,SpecialProjectsCount,DaysLateLast30,Absences
"Boutwell, Bonalyn",10081,0,1,1,3,1,106367,0,26,Sr. Accountant,QLD,4/04/1992,Female,Citizen,No,16/02/2020,,N/A-StillEmployed,Active,Admin Offices,Brandon R. LeBlanc,3,Diversity Job Fair,Fully Meets,5,4,3,0,4
"Brown, Mia",10238,0,1,1,3,1,63000,0,1,Accountant I,QLD,24/11/1992,Female,Citizen,No,27/10/2013,,N/A-StillEmployed,Active,Admin Offices,Brandon R. LeBlanc,1,Diversity Job Fair,Fully Meets,4.5,2,6,0,14
"Foster-Baker, Amy",10080,0,1,1,3,0,99351,0,26,Sr. Accountant,QLD,16/04/1984,Female,Citizen,no,5/01/2014,,N/A-StillEmployed,Active,Admin Offices,Board of Directors,9,Other,Fully Meets,5,3,2,0,3
"Howard, Estelle",10182,0,1,1,3,0,49920,1,2,Administrative Assistant,QLD,16/09/1990,Female,Citizen,No,16/02/2020,15/04/2020,"no-call, no-show",Terminated for Cause,Admin Offices,Brandon R. LeBlanc,1,Indeed,Fully Meets,3.24,3,4,0,6
"LaRotonda, William  ",10038,1,1,1,3,0,64520,0,1,Accountant I,QLD,26/04/1989,Male,Citizen,No,6/01/2019,,N/A-StillEmployed,Active,Admin Offices,Brandon R. LeBlanc,1,Website,Fully Meets,5,4,4,0,3
"LeBlanc, Brandon  R",10134,1,1,1,3,0,93046,0,23,Shared Services Manager,QLD,10/06/1989,Male,Citizen,No,5/01/2021,,N/A-StillEmployed,Active,Admin Offices,Janet King,2,CareerBuilder,Fully Meets,4.1,4,0,0,20
"Singh, Nan ",10039,0,1,1,3,0,51920,0,2,Administrative Assistant,QLD,19/05/1993,Female,Citizen,No,1/05/2020,,N/A-StillEmployed,Active,Admin Offices,Brandon R. LeBlanc,1,Website,Fully Meets,5,3,5,0,2
"Smith, Leigh Ann",10153,0,5,1,3,1,55000,1,2,Administrative Assistant,QLD,14/06/1992,Female,Citizen,No,26/09/2016,25/09/2018,career change,Voluntarily Terminated,Admin Offices,Brandon R. LeBlanc,1,Diversity Job Fair,Fully Meets,3.8,4,4,0,17
"Steans, Tyrone  ",10147,1,1,1,3,0,63003,0,1,Accountant I,QLD,1/09/1991,Male,Citizen,No,29/09/2019,,N/A-StillEmployed,Active,Admin Offices,Brandon R. LeBlanc,1,Indeed,Fully Meets,3.9,5,5,0,9
