﻿Employee_Name,EmpID,GenderID,EmpStatusID,DeptID,PerfScoreID,FromDiversityJobFairID,Salary,Termd,PositionID,Position,State,DOB,Gender,CitizenDesc,ATSI,DateofHire,DateofTermination,TermReason,EmploymentStatus,Department,ManagerName,ManagerID,RecruitmentSource,PerformanceScore,EngagementSurvey,EmpSatisfaction,SpecialProjectsCount,DaysLateLast30,Absences
"Bunbury, Jessica",10188,0,5,6,3,0,74326,1,3,Area Sales Manager,NSW,1/06/1969,Female,Permanent Resident,No,15/08/2016,2/08/2019,Another position,Voluntarily Terminated,Sales,John Smith,17,Google Search,Fully Meets,3.14,5,0,1,19
"Carter, Michelle ",10040,0,1,6,3,0,71860,0,3,Area Sales Manager,ACT,15/05/1968,Female,Citizen,No,18/08/2019,,N/A-StillEmployed,Active,Sales,John Smith,17,Indeed,Fully Meets,5,5,0,0,7
"Chigurh, Anton",10200,1,1,6,3,0,66808,0,3,Area Sales Manager,VIC,11/06/1975,Male,Permanent Resident,No,14/05/2017,,N/A-StillEmployed,Active,Sales,Lynn Daneault,21,Employee Referral,Fully Meets,3,5,0,0,17
"Daneault, Lynn",10099,0,1,6,3,0,65729,0,21,Sales Manager,ACT,19/04/1995,Female,Citizen,No,5/05/2019,,N/A-StillEmployed,Active,Sales,Debra Houlihan,15,Indeed,Fully Meets,4.62,4,0,0,8
"Delarge, Alex",10306,1,1,6,1,0,61568,0,3,Area Sales Manager,NSW,2/11/1980,Male,Citizen,No,29/09/2019,,N/A-StillEmployed,Active,Sales,John Smith,17,Indeed,PIP,1.93,3,0,6,5
"Dietrich, Jenna  ",10304,0,1,6,1,0,59231,0,3,Area Sales Manager,NSW,14/05/1992,Female,Citizen,Yes,20/02/2017,,N/A-StillEmployed,Active,Sales,John Smith,17,Website,PIP,2.3,1,0,2,17
"Driver, Elle",10006,0,1,6,4,0,74241,0,3,Area Sales Manager,NSW,8/11/1993,Female,Citizen,No,10/01/2016,,N/A-StillEmployed,Active,Sales,Lynn Daneault,21,Indeed,Exceeds,4.77,5,0,0,14
"Forrest, Alex",10305,1,1,6,3,0,70187,1,3,Area Sales Manager,QLD,7/07/1980,Male,Citizen,No,29/09/2019,19/08/2023,Fatal attraction,Terminated for Cause,Sales,Lynn Daneault,21,Employee Referral,PIP,2,5,0,4,7
"Fraval, Maruk ",10258,1,1,6,3,0,67251,0,3,Area Sales Manager,NSW,28/08/1968,Male,Citizen,No,6/09/2016,,N/A-StillEmployed,Active,Sales,Lynn Daneault,21,CareerBuilder,Fully Meets,4.3,3,0,2,7
"Gill, Whitney  ",10142,0,4,6,3,0,59370,1,3,Area Sales Manager,NSW,10/07/1976,Female,Citizen,No,7/07/2019,5/09/2020,attendance,Terminated for Cause,Sales,John Smith,17,CareerBuilder,Fully Meets,3.97,4,0,0,7
"Givens, Myriam",10255,0,1,6,3,0,61555,0,3,Area Sales Manager,NSW,22/09/1994,Female,Citizen,No,16/02/2020,,N/A-StillEmployed,Active,Sales,Lynn Daneault,21,Indeed,Fully Meets,4.5,5,0,0,20
"Guilianno, Mike",10109,1,5,6,3,0,71707,1,3,Area Sales Manager,NSW,9/02/1974,Male,Citizen,No,7/03/2017,31/10/2019,relocation out of area,Voluntarily Terminated,Sales,John Smith,17,LinkedIn,Fully Meets,4.5,5,0,0,20
"Hitchcock, Alfred",10167,1,1,6,3,0,70545,0,3,Area Sales Manager,NSW,14/09/1993,Male,Citizen,No,18/08/2019,,N/A-StillEmployed,Active,Sales,John Smith,17,Indeed,Fully Meets,3.6,5,0,0,9
"Houlihan, Debra",10272,0,1,6,3,0,180000,0,11,Director of Sales,NSW,17/03/1971,Female,Citizen,No,5/05/2019,,N/A-StillEmployed,Active,Sales,Janet King,2,LinkedIn,Fully Meets,4.5,4,0,0,19
"Kampew, Donysha",10244,0,5,6,3,0,68999,1,21,Sales Manager,NSW,11/11/1994,Female,Citizen,No,7/11/2016,24/04/2019,maternity leave - did not return,Voluntarily Terminated,Sales,Debra Houlihan,15,Google Search,Fully Meets,4.5,5,0,0,2
"Khemmich, Bartholemew",10231,1,1,6,3,0,65310,0,3,Area Sales Manager,NSW,27/11/1984,Male,Citizen,No,19/08/2018,,N/A-StillEmployed,Active,Sales,Lynn Daneault,21,Indeed,Fully Meets,4.3,5,0,0,13
"Kreuger, Freddy",10165,1,1,6,3,1,71339,0,3,Area Sales Manager,NSW,24/02/1974,Male,Citizen,Yes,7/03/2016,,N/A-StillEmployed,Active,Sales,John Smith,17,Diversity Job Fair,Fully Meets,3.65,5,0,0,20
"Leruth, Giovanni",10103,1,1,6,3,0,70468,0,3,Area Sales Manager,NSW,27/12/1993,Male,Citizen,No,30/04/2017,,N/A-StillEmployed,Active,Sales,John Smith,17,Website,Fully Meets,4.53,3,0,0,16
"McKinzie, Jac",10202,1,2,6,3,0,63291,0,3,Area Sales Manager,VIC,1/07/1989,Male,Citizen,No,6/07/2021,,N/A-StillEmployed,Active,Sales,Lynn Daneault,21,Website,Fully Meets,3.4,4,0,0,7
"Nguyen, Dheepa",10042,0,1,6,3,0,63695,0,3,Area Sales Manager,NSW,31/03/1994,Female,Citizen,No,8/07/2018,,N/A-StillEmployed,Active,Sales,Lynn Daneault,21,Indeed,Fully Meets,5,5,0,0,2
"Onque, Jasmine",10121,0,1,6,3,0,63051,0,3,Area Sales Manager,NSW,11/05/1995,Female,Citizen,Yes,30/09/2018,,N/A-StillEmployed,Active,Sales,Lynn Daneault,21,Indeed,Fully Meets,4.28,3,0,0,1
"Ozark, Travis",10041,1,1,6,3,0,68829,0,3,Area Sales Manager,NSW,19/05/1987,Male,Citizen,No,5/01/2020,,N/A-StillEmployed,Active,Sales,John Smith,17,Website,Fully Meets,5,5,0,0,18
"Potts, Xana",10124,0,1,6,3,0,61844,0,3,Area Sales Manager,NSW,29/08/1993,Female,Citizen,No,9/01/2017,,N/A-StillEmployed,Active,Sales,Lynn Daneault,21,Website,Fully Meets,4.2,5,0,0,9
"Ren, Kylo",10140,1,1,6,3,0,61809,0,3,Area Sales Manager,NSW,12/10/1959,Male,Citizen,No,12/05/2019,,N/A-StillEmployed,Active,Sales,John Smith,17,CareerBuilder,Fully Meets,3.98,3,0,0,4
"Smith, John",10291,1,1,6,2,1,72992,0,21,Sales Manager,QLD,16/08/1989,Male,Citizen,No,18/05/2019,,N/A-StillEmployed,Active,Sales,Debra Houlihan,15,Diversity Job Fair,Needs Improvement,2.4,4,0,2,16
"Stansfield, Norman",10307,1,1,6,1,0,58273,0,3,Area Sales Manager,NSW,9/05/1979,Male,Citizen,No,12/05/2019,,N/A-StillEmployed,Active,Sales,Lynn Daneault,21,Website,PIP,1.81,2,0,3,5
"Strong, Caitrin",10241,0,1,6,3,0,60120,0,3,Area Sales Manager,NSW,12/05/1994,Female,Citizen,No,27/09/2015,,N/A-StillEmployed,Active,Sales,John Smith,17,Indeed,Fully Meets,4.1,4,0,0,18
"Terry, Sharlene ",10161,0,1,6,3,0,58370,0,3,Area Sales Manager,NSW,7/05/1970,Female,Citizen,No,29/09/2019,,N/A-StillEmployed,Active,Sales,Lynn Daneault,21,Indeed,Fully Meets,3.69,3,0,0,18
"Torrence, Jack",10013,1,1,6,4,0,64397,0,3,Area Sales Manager,NSW,15/01/1973,Male,Citizen,No,9/01/2011,,N/A-StillEmployed,Active,Sales,Lynn Daneault,21,Indeed,Exceeds,4.1,3,0,0,6
"Valentin,Jackie",10205,0,1,6,3,0,57859,0,3,Area Sales Manager,NSW,23/05/1996,Female,Citizen,No,5/07/2016,,N/A-StillEmployed,Active,Sales,John Smith,17,Indeed,Fully Meets,2.81,3,0,0,16
"Villanueva, Noah",10253,1,1,6,3,0,55875,0,3,Area Sales Manager,NSW,11/07/1994,Male,Citizen,No,5/03/2017,,N/A-StillEmployed,Active,Sales,John Smith,17,Website,Fully Meets,4.5,4,0,0,11
