﻿Employee_Name,EmpID,GenderID,EmpStatusID,DeptID,PerfScoreID,FromDiversityJobFairID,Salary,Termd,PositionID,Position,State,DOB,Gender,CitizenDesc,ATSI,DateofHire,DateofTermination,TermReason,EmploymentStatus,Department,ManagerName,ManagerID,RecruitmentSource,PerformanceScore,EngagementSurvey,EmpSatisfaction,SpecialProjectsCount,DaysLateLast30,Absences
"Andreola, Colby",10194,0,1,4,3,0,95660,0,24,Software Engineer,QLD,24/05/1984,Female,Citizen,No,10/11/2019,,N/A-StillEmployed,Active,Software Engineering,Alex Sweetwater,10,LinkedIn,Fully Meets,3.04,3,4,0,19
"Cady, Max ",10150,1,1,4,3,0,77692,0,25,Software Engineering Manager,QLD,22/11/1971,Male,Citizen,No,15/08/2016,,N/A-StillEmployed,Active,Software Engineering,Jennifer Zamora,5,Google Search,Fully Meets,3.84,3,5,0,4
"Carabbio, Judith",10085,0,1,4,3,0,93396,0,24,Software Engineer,QLD,5/04/1992,Female,Citizen,No,11/11/2018,,N/A-StillEmployed,Active,Software Engineering,Alex Sweetwater,10,Indeed,Fully Meets,4.96,4,6,0,3
"Del Bosque, Keyla",10155,0,1,4,3,0,101199,0,24,Software Engineer,QLD,5/07/1984,Female,Citizen,No,9/01/2017,,N/A-StillEmployed,Active,Software Engineering,Alex Sweetwater,10,CareerBuilder,Fully Meets,3.79,5,5,0,8
"Exantus, Susan",10290,0,4,4,2,0,99280,1,24,Software Engineer,QLD,15/05/1992,Female,Citizen,No,2/05/2016,5/06/2018,attendance,Terminated for Cause,Software Engineering,Alex Sweetwater,10,Indeed,Needs Improvement,2.1,5,4,4,19
"Martin, Sandra",10110,0,1,4,3,0,105688,0,24,Software Engineer,QLD,7/11/1992,Female,Citizen,No,11/11/2018,,N/A-StillEmployed,Active,Software Engineering,Alex Sweetwater,10,Google Search,Fully Meets,4.5,5,4,0,14
"Patronick, Lucas",10005,1,5,4,4,1,108987,1,24,Software Engineer,QLD,20/02/1984,Male,Citizen,No,7/11/2016,7/09/2020,Another position,Voluntarily Terminated,Software Engineering,Alex Sweetwater,10,Diversity Job Fair,Exceeds,5,5,3,0,13
"Quinn, Sean",10131,1,5,1,3,1,83363,1,23,Software Engineer,QLD,6/11/1989,Male,Permanent Resident,No,21/02/2016,15/08/2020,career change,Voluntarily Terminated,Software Engineering,Janet King,2,Diversity Job Fair,Fully Meets,4.15,4,0,0,4
"Saada, Adell",10126,0,1,4,3,0,86214,0,24,Software Engineer,QLD,24/07/1991,Female,Citizen,No,5/11/2017,,N/A-StillEmployed,Active,Software Engineering,Alex Sweetwater,10,Indeed,Fully Meets,4.2,3,6,0,2
"Szabo, Andrew",10024,1,1,4,4,0,92989,0,24,Software Engineer,QLD,6/05/1988,Male,Citizen,No,7/07/2019,,N/A-StillEmployed,Active,Software Engineering,Alex Sweetwater,10,LinkedIn,Exceeds,4.5,5,5,0,1
"True, Edward",10102,1,5,4,3,1,100416,1,24,Software Engineer,QLD,14/06/1988,Male,Work Visa,No,18/02/2018,15/04/2023,medical issues,Voluntarily Terminated,Software Engineering,Alex Sweetwater,10,Diversity Job Fair,Fully Meets,4.6,3,4,0,9
