﻿Employee_Name,EmpID,GenderID,EmpStatusID,DeptID,PerfScoreID,FromDiversityJobFairID,Salary,Termd,PositionID,Position,State,DOB,Gender,CitizenDesc,ATSI,DateofHire,DateofTermination,TermReason,EmploymentStatus,Department,ManagerName,ManagerID,RecruitmentSource,PerformanceScore,EngagementSurvey,EmpSatisfaction,SpecialProjectsCount,DaysLateLast30,Absences
"Adinolfi, Wilson  K",10026,1,1,5,4,0,62506,0,19,Production Technician I,QLD,10/07/1988,Male,Citizen,No,5/07/2016,,N/A-StillEmployed,Active,Production       ,Michael Albert,22,LinkedIn,Exceeds,4.6,5,0,0,1
"Akinkuolie, Sarah",10196,0,5,5,3,0,64955,1,20,Production Technician II,QLD,19/09/1993,Female,Citizen,No,5/07/2016,24/09/2017,hours,Voluntarily Terminated,Production       ,Kissy Sullivan,20,LinkedIn,Fully Meets,3.02,3,0,0,3
"Alagbe,Trina",10088,0,1,5,3,0,64991,0,19,Production Technician I,QLD,27/09/1993,Female,Citizen,No,7/01/2013,,N/A-StillEmployed,Active,Production       ,Elijiah Gray,16,Indeed,Fully Meets,4.84,5,0,0,15
"Anderson, Carol ",10069,0,5,5,3,0,50825,1,19,Production Technician I,QLD,8/09/1994,Female,Citizen,No,11/07/2016,6/09/2021,return to school,Voluntarily Terminated,Production       ,Webster Butler,39,Google Search,Fully Meets,5,4,0,0,2
"Anderson, Linda  ",10002,0,1,5,4,0,57568,0,19,Production Technician I,QLD,22/05/1982,Female,Citizen,No,9/01/2017,,N/A-StillEmployed,Active,Production       ,Amy Dunn,11,LinkedIn,Exceeds,5,5,0,0,15
"Athwal, Sam",10062,1,1,5,3,0,59365,0,19,Production Technician I,QLD,18/02/1988,Male,Citizen,No,30/09/2018,,N/A-StillEmployed,Active,Production       ,Ketsia Liebig,19,Employee Referral,Fully Meets,5,4,0,0,19
"Bachiochi, Linda",10114,0,3,5,3,1,47837,0,19,Production Technician I,QLD,11/02/1975,Female,Citizen,No,6/07/2014,,N/A-StillEmployed,Active,Production       ,Brannon Miller,12,Diversity Job Fair,Fully Meets,4.46,3,0,0,4
"Baczenski, Rachael  ",10252,0,5,5,3,1,54670,1,19,Production Technician I,QLD,12/01/1979,Female,Citizen,Yes,10/01/2016,12/01/2022,Another position,Voluntarily Terminated,Production       ,David Stanley,14,Diversity Job Fair,Fully Meets,4.2,4,0,0,12
"Barbara, Thomas",10242,1,5,5,3,1,47211,1,19,Production Technician I,QLD,21/02/1979,Male,Citizen,Yes,2/04/2017,19/09/2021,unhappy,Voluntarily Terminated,Production       ,Kissy Sullivan,20,Diversity Job Fair,Fully Meets,4.2,3,0,0,15
"Barone, Francesco  A",10265,1,1,5,3,0,58709,0,19,Production Technician I,QLD,20/07/1988,Male,Citizen,No,20/02/2017,,N/A-StillEmployed,Active,Production       ,Kelley Spirea,18,Google Search,Fully Meets,4.6,4,0,0,7
"Barton, Nader",10066,1,5,5,3,0,52505,1,19,Production Technician I,QLD,15/07/1982,Male,Citizen,No,24/09/2017,6/04/2022,Another position,Voluntarily Terminated,Production       ,Michael Albert,22,On-line Web application,Fully Meets,5,5,0,0,1
"Bates, Norman",10061,1,4,5,3,0,57834,1,19,Production Technician I,QLD,18/10/1986,Male,Citizen,No,21/02/2016,4/08/2022,attendance,Terminated for Cause,Production       ,Kelley Spirea,18,Google Search,Fully Meets,5,4,0,0,20
"Beak, Kimberly  ",10023,0,2,5,4,0,70131,0,20,Production Technician II,QLD,17/04/1971,Female,Citizen,No,21/07/2021,,N/A-StillEmployed,Active,Production       ,Kelley Spirea,18,Employee Referral,Exceeds,4.4,3,0,0,16
"Beatrice, Courtney ",10055,0,1,5,3,0,59026,0,19,Production Technician I,QLD,27/10/1975,Female,Permanent Resident,No,4/04/2016,,N/A-StillEmployed,Active,Production       ,Elijiah Gray,16,Google Search,Fully Meets,5,5,0,0,12
"Becker, Scott",10277,1,3,5,3,0,53250,0,19,Production Technician I,QLD,6/04/1984,Male,Citizen,No,8/07/2018,,N/A-StillEmployed,Active,Production       ,Webster Butler,,LinkedIn,Fully Meets,4.2,4,0,0,13
"Bernstein, Sean",10046,1,1,5,3,0,51044,0,19,Production Technician I,QLD,22/12/1975,Male,Citizen,Yes,2/04/2017,,N/A-StillEmployed,Active,Production       ,Amy Dunn,11,Google Search,Fully Meets,5,3,0,0,13
"Biden, Lowan  M",10226,0,1,5,3,0,64919,0,19,Production Technician I,QLD,27/12/1963,Female,Citizen,No,19/08/2018,,N/A-StillEmployed,Active,Production       ,Ketsia Liebig,19,Indeed,Fully Meets,4.2,3,0,0,2
"Billis, Helen",10003,0,1,5,4,0,62910,0,19,Production Technician I,QLD,1/09/1994,Female,Citizen,No,7/07/2019,,N/A-StillEmployed,Active,Production       ,Brannon Miller,12,Indeed,Exceeds,5,3,0,0,19
"Blount, Dianna",10294,0,1,5,2,0,66441,0,20,Production Technician II,QLD,21/09/1995,Female,Citizen,No,4/04/2016,,N/A-StillEmployed,Active,Production       ,Michael Albert,22,CareerBuilder,Needs Improvement,2,3,0,2,3
"Bondwell, Betsy",10267,0,5,5,3,0,57815,1,20,Production Technician II,QLD,16/01/1972,Female,Citizen,No,10/01/2016,4/04/2019,career change,Voluntarily Terminated,Production       ,Elijiah Gray,16,Google Search,Fully Meets,4.8,5,0,0,5
"Bozzi, Charles",10175,1,5,5,3,0,74312,1,18,Production Manager,QLD,10/03/1975,Male,Citizen,No,30/09/2018,7/08/2019,retiring,Voluntarily Terminated,Production       ,Janet King,2,Indeed,Fully Meets,3.39,3,0,0,14
"Brill, Donna",10177,0,5,5,3,0,53492,1,19,Production Technician I,QLD,24/08/1995,Female,Citizen,No,2/04/2017,15/06/2018,Another position,Voluntarily Terminated,Production       ,David Stanley,14,Google Search,Fully Meets,3.35,4,0,0,6
"Buccheri, Joseph  ",10184,1,1,5,3,0,65288,0,20,Production Technician II,QLD,28/07/1988,Male,Citizen,No,29/09/2019,,N/A-StillEmployed,Active,Production       ,Webster Butler,,Google Search,Fully Meets,3.19,3,0,0,9
"Bugali, Josephine ",10203,0,3,5,3,1,64375,0,19,Production Technician I,QLD,30/10/1974,Female,Citizen,No,11/11/2018,,N/A-StillEmployed,Active,Production       ,Kissy Sullivan,20,Diversity Job Fair,Fully Meets,3.5,5,0,0,17
"Burke, Joelle",10107,0,1,5,3,0,63763,0,20,Production Technician II,QLD,2/03/1985,Female,Citizen,No,5/03/2017,,N/A-StillEmployed,Active,Production       ,Amy Dunn,11,Employee Referral,Fully Meets,4.51,4,0,0,3
"Burkett, Benjamin ",10181,1,1,5,3,0,62162,0,20,Production Technician II,QLD,19/08/1982,Male,Citizen,No,4/04/2016,,N/A-StillEmployed,Active,Production       ,Ketsia Liebig,19,Indeed,Fully Meets,3.25,5,0,0,15
"Candie, Calvin",10001,1,1,5,4,0,72640,0,18,Production Manager,QLD,9/08/1988,Male,Citizen,No,28/01/2021,,N/A-StillEmployed,Active,Production       ,Janet King,2,Indeed,Exceeds,5,3,0,0,14
"Carey, Michael  ",10115,1,1,5,3,0,52846,0,19,Production Technician I,QLD,2/02/1988,Male,Citizen,No,31/03/2019,,N/A-StillEmployed,Active,Production       ,Kelley Spirea,18,LinkedIn,Fully Meets,4.43,3,0,0,14
"Chace, Beatrice ",10067,0,1,5,3,0,61656,0,19,Production Technician I,QLD,2/01/1956,Female,Citizen,No,29/09/2019,,N/A-StillEmployed,Active,Production       ,Michael Albert,22,Google Search,Fully Meets,5,4,0,0,11
"Chan, Lin",10210,0,1,5,3,0,54237,0,19,Production Technician I,QLD,12/02/1984,Female,Citizen,No,12/05/2019,,N/A-StillEmployed,Active,Production       ,Elijiah Gray,16,Indeed,Fully Meets,3.3,4,0,0,11
"Chang, Donovan  E",10154,1,1,5,3,0,60380,0,19,Production Technician I,QLD,24/08/1988,Male,Citizen,No,8/07/2018,,N/A-StillEmployed,Active,Production       ,Webster Butler,,LinkedIn,Fully Meets,3.8,5,0,0,4
"Chivukula, Enola",10240,0,5,5,3,0,64786,1,19,Production Technician I,QLD,27/08/1988,Female,Citizen,No,27/06/2016,15/11/2020,relocation out of area,Voluntarily Terminated,Production       ,Amy Dunn,11,Indeed,Fully Meets,4.3,4,0,0,3
"Cierpiszewski, Caroline  ",10168,0,1,5,3,0,64816,0,19,Production Technician I,QLD,31/05/1993,Female,Work Visa,No,3/10/2016,,N/A-StillEmployed,Active,Production       ,Ketsia Liebig,19,Indeed,Fully Meets,3.58,5,0,0,3
"Cloninger, Jennifer",10275,0,5,5,3,0,64066,1,20,Production Technician II,QLD,31/08/1986,Female,Citizen,No,16/05/2016,7/01/2018,unhappy,Voluntarily Terminated,Production       ,Brannon Miller,12,Google Search,Fully Meets,4.2,5,0,0,9
"Close, Phil",10269,1,5,5,3,0,59369,1,20,Production Technician II,QLD,25/11/1983,Male,Citizen,No,30/08/2015,26/09/2016,career change,Voluntarily Terminated,Production       ,David Stanley,14,Indeed,Fully Meets,4.2,4,0,0,6
"Clukey, Elijian",10029,1,2,5,4,0,50373,0,19,Production Technician I,QLD,26/08/1985,Male,Citizen,No,6/07/2021,,N/A-StillEmployed,Active,Production       ,Brannon Miller,12,Employee Referral,Exceeds,4.1,4,0,0,5
"Cockel, James",10261,1,1,5,3,0,63108,0,19,Production Technician I,QLD,8/09/1982,Male,Citizen,No,8/07/2018,,N/A-StillEmployed,Active,Production       ,David Stanley,14,Employee Referral,Fully Meets,4.4,5,0,0,3
"Cole, Spencer",10292,1,4,5,2,0,59144,1,19,Production Technician I,QLD,12/08/1984,Male,Citizen,No,11/07/2016,23/09/2021,performance,Terminated for Cause,Production       ,Kissy Sullivan,20,LinkedIn,Needs Improvement,2,3,0,5,16
"Corleone, Michael",10282,1,1,5,2,0,68051,0,18,Production Manager,QLD,17/12/1980,Male,Citizen,No,20/07/2015,,N/A-StillEmployed,Active,Production       ,Janet King,2,CareerBuilder,Needs Improvement,4.13,2,0,3,3
"Corleone, Vito",10019,1,1,5,4,0,170500,0,10,Director of Operations,QLD,19/03/1988,Male,Citizen,No,5/01/2014,,N/A-StillEmployed,Active,Production       ,Janet King,2,Indeed,Exceeds,3.7,5,0,0,15
"Cornett, Lisa ",10094,0,1,5,3,0,63381,0,19,Production Technician I,QLD,31/03/1982,Female,Citizen,Yes,5/01/2020,,N/A-StillEmployed,Active,Production       ,Kelley Spirea,18,Indeed,Fully Meets,4.73,5,0,0,6
"Crimmings,   Jean",10132,0,2,5,3,0,56149,0,19,Production Technician I,QLD,10/04/1992,Female,Citizen,No,6/07/2021,,N/A-StillEmployed,Active,Production       ,Michael Albert,22,LinkedIn,Fully Meets,4.12,5,0,0,15
"Darson, Jene'ya ",10056,0,1,5,3,0,57583,0,19,Production Technician I,QLD,5/11/1983,Female,Citizen,No,2/07/2017,,N/A-StillEmployed,Active,Production       ,Elijiah Gray,16,Indeed,Fully Meets,5,3,0,0,1
"Davis, Daniel",10143,1,1,5,3,0,56294,0,20,Production Technician II,QLD,14/09/1984,Male,Permanent Resident,No,7/11/2016,,N/A-StillEmployed,Active,Production       ,Kissy Sullivan,20,LinkedIn,Fully Meets,3.96,4,0,0,6
"Dee, Randy",10311,1,1,6,1,0,56991,0,19,Production Technician I,QLD,15/04/1993,Male,Citizen,No,9/07/2023,,N/A-StillEmployed,Active,Production       ,Brannon Miller,12,Indeed,Fully Meets,4.3,4,3,2,2
"DeGweck,  James",10070,1,5,5,3,0,55722,1,19,Production Technician I,QLD,31/10/1982,Male,Citizen,No,16/05/2016,8/06/2021,unhappy,Voluntarily Terminated,Production       ,Webster Butler,39,Indeed,Fully Meets,5,4,0,0,14
"Demita, Carla",10100,0,5,5,3,0,58275,1,20,Production Technician II,QLD,25/02/1956,Female,Citizen,No,4/04/2016,4/11/2020,more money,Voluntarily Terminated,Production       ,Kelley Spirea,18,Google Search,Fully Meets,4.62,5,0,0,1
"Desimone, Carl ",10310,1,1,5,1,0,53189,0,19,Production Technician I,QLD,19/04/1972,Male,Citizen,No,7/07/2019,,N/A-StillEmployed,Active,Production       ,Amy Dunn,11,Indeed,PIP,1.12,2,0,4,9
"Dickinson, Geoff ",10276,1,1,5,3,0,51259,0,19,Production Technician I,QLD,15/11/1987,Male,Citizen,No,12/05/2019,,N/A-StillEmployed,Active,Production       ,Ketsia Liebig,19,Indeed,Fully Meets,4.3,4,0,0,1
"DiNocco, Lily ",10284,0,1,5,2,0,61584,0,19,Production Technician I,QLD,2/12/1983,Female,Citizen,No,7/01/2018,,N/A-StillEmployed,Active,Production       ,Brannon Miller,12,Indeed,Needs Improvement,3.88,4,0,0,6
"Dobrin, Denisa  S",10207,0,1,5,3,0,46335,0,19,Production Technician I,QLD,7/10/1991,Female,Citizen,Yes,2/04/2017,,N/A-StillEmployed,Active,Production       ,David Stanley,14,CareerBuilder,Fully Meets,3.4,5,0,0,15
"Dunn, Amy  ",10105,0,1,5,3,0,75188,0,18,Production Manager,QLD,28/11/1978,Female,Citizen,No,18/09/2019,,N/A-StillEmployed,Active,Production       ,Janet King,2,Google Search,Fully Meets,4.52,4,0,0,4
"Dunne, Amy",10211,0,1,5,3,0,62514,0,19,Production Technician I,QLD,23/09/1978,Female,Citizen,No,26/04/2015,,N/A-StillEmployed,Active,Production       ,Ketsia Liebig,19,Google Search,Fully Meets,2.9,3,0,0,6
"Eaton, Marianne",10064,0,5,5,3,0,60070,1,19,Production Technician I,QLD,5/09/1996,Female,Citizen,No,4/04/2016,6/06/2022,military,Voluntarily Terminated,Production       ,Kissy Sullivan,20,Google Search,Fully Meets,5,3,0,0,7
"Engdahl, Jean",10247,1,1,5,3,0,48888,0,19,Production Technician I,QLD,31/05/1979,Male,Citizen,No,10/11/2019,,N/A-StillEmployed,Active,Production       ,Kelley Spirea,18,LinkedIn,Fully Meets,4.7,5,0,0,8
"England, Rex",10235,1,1,5,3,0,54285,0,19,Production Technician I,QLD,25/08/1983,Male,Citizen,No,31/03/2019,,N/A-StillEmployed,Active,Production       ,Kelley Spirea,18,Employee Referral,Fully Meets,4.2,3,0,0,3
"Erilus, Angela",10299,0,1,5,1,0,56847,0,20,Production Technician II,QLD,25/08/1994,Female,Citizen,No,7/07/2019,,N/A-StillEmployed,Active,Production       ,Michael Albert,22,Indeed,PIP,3,1,0,2,5
"Estremera, Miguel",10280,1,4,5,2,0,60340,1,19,Production Technician I,QLD,2/09/1988,Male,Citizen,No,2/04/2017,27/09/2023,attendance,Terminated for Cause,Production       ,Michael Albert,22,Google Search,Needs Improvement,5,4,0,5,16
"Evensen, April",10296,0,4,5,2,0,59124,1,19,Production Technician I,QLD,6/05/1994,Female,Citizen,No,17/02/2019,25/02/2023,"no-call, no-show",Terminated for Cause,Production       ,Elijiah Gray,16,Google Search,Needs Improvement,2.3,3,0,5,19
"Faller, Megan ",10263,0,1,5,3,0,71776,0,20,Production Technician II,QLD,22/09/1983,Female,Citizen,No,7/07/2019,,N/A-StillEmployed,Active,Production       ,Elijiah Gray,16,LinkedIn,Fully Meets,4.4,5,0,0,17
"Fancett, Nicole",10136,0,1,5,3,0,65902,0,20,Production Technician II,QLD,27/09/1992,Female,Citizen,No,17/02/2019,,N/A-StillEmployed,Active,Production       ,Webster Butler,,LinkedIn,Fully Meets,4,4,0,0,7
"Ferguson, Susan",10189,0,5,5,3,0,57748,1,19,Production Technician I,QLD,14/04/1960,Female,Citizen,No,7/11/2016,17/05/2021,military,Voluntarily Terminated,Production       ,Webster Butler,39,Google Search,Fully Meets,3.13,3,0,0,16
"Fernandes, Nilson  ",10308,1,1,5,1,0,64057,0,19,Production Technician I,QLD,18/10/1994,Male,Citizen,No,11/05/2020,,N/A-StillEmployed,Active,Production       ,Amy Dunn,11,Indeed,PIP,1.56,5,0,6,15
"Fidelia,  Libby",10049,0,1,5,3,0,58530,0,19,Production Technician I,QLD,16/03/1986,Female,Citizen,No,9/01/2017,,N/A-StillEmployed,Active,Production       ,Brannon Miller,12,Google Search,Fully Meets,5,5,0,0,19
"Fitzpatrick, Michael  J",10093,1,5,5,3,0,72609,1,20,Production Technician II,QLD,1/10/1986,Male,Citizen,Yes,16/05/2016,24/06/2018,hours,Voluntarily Terminated,Production       ,Amy Dunn,11,Google Search,Fully Meets,4.76,5,0,0,20
"Foreman, Tanya",10163,0,5,5,3,0,55965,1,20,Production Technician II,QLD,8/11/1988,Female,Citizen,No,4/04/2016,9/01/2018,career change,Voluntarily Terminated,Production       ,Ketsia Liebig,19,Google Search,Fully Meets,3.66,3,0,0,6
"Garcia, Raul",10111,1,1,5,3,0,52249,0,19,Production Technician I,QLD,15/09/1990,Male,Citizen,Yes,30/03/2020,,N/A-StillEmployed,Active,Production       ,David Stanley,14,Employee Referral,Fully Meets,4.5,3,0,0,5
"Gaul, Barbara",10257,0,1,5,3,0,53171,0,19,Production Technician I,QLD,2/12/1988,Female,Citizen,Yes,16/05/2016,,N/A-StillEmployed,Active,Production       ,Kelley Spirea,18,LinkedIn,Fully Meets,4.2,4,0,0,12
"Gentry, Mildred",10159,0,1,5,3,0,51337,0,19,Production Technician I,QLD,1/10/1995,Female,Citizen,No,30/03/2020,,N/A-StillEmployed,Active,Production       ,Michael Albert,22,LinkedIn,Fully Meets,3.73,3,0,0,19
"Gerke, Melisa",10122,0,5,5,3,1,51505,1,19,Production Technician I,QLD,15/05/1975,Female,Citizen,No,7/11/2016,15/11/2021,hours,Voluntarily Terminated,Production       ,Elijiah Gray,16,Diversity Job Fair,Fully Meets,4.24,4,0,0,2
"Gilles, Alex",10283,1,5,5,2,1,54933,1,19,Production Technician I,QLD,9/08/1979,Male,Citizen,No,2/04/2017,25/06/2020,military,Voluntarily Terminated,Production       ,Webster Butler,39,Diversity Job Fair,Needs Improvement,3.97,4,0,3,15
"Girifalco, Evelyn",10018,0,1,5,4,0,57815,0,19,Production Technician I,QLD,8/05/1985,Female,Citizen,Yes,29/09/2019,,N/A-StillEmployed,Active,Production       ,Amy Dunn,11,Indeed,Exceeds,3.9,4,0,0,3
"Gold, Shenice  ",10243,0,1,5,3,0,53018,0,19,Production Technician I,QLD,18/06/1997,Female,Citizen,Yes,11/11/2018,,N/A-StillEmployed,Active,Production       ,Ketsia Liebig,19,Indeed,Fully Meets,4.3,5,0,0,7
"Gonzalez, Cayo",10031,1,1,5,4,1,59892,0,19,Production Technician I,QLD,29/09/1974,Male,Citizen,No,11/07/2016,,N/A-StillEmployed,Active,Production       ,Brannon Miller,12,Diversity Job Fair,Exceeds,4.5,4,0,0,1
"Gonzalez, Juan",10300,1,5,5,1,1,68898,1,20,Production Technician II,QLD,12/10/1969,Male,Citizen,No,26/04/2015,30/05/2016,career change,Voluntarily Terminated,Production       ,Brannon Miller,12,Diversity Job Fair,PIP,3,3,0,3,10
"Good, Susan",10237,0,3,5,3,0,66825,0,20,Production Technician II,QLD,25/05/1991,Female,Citizen,No,12/05/2019,,N/A-StillEmployed,Active,Production       ,David Stanley,14,LinkedIn,Fully Meets,4.6,3,0,0,20
"Gordon, David",10051,1,1,5,3,0,48285,0,19,Production Technician I,QLD,21/05/1984,Male,Citizen,No,2/07/2017,,N/A-StillEmployed,Active,Production       ,David Stanley,14,LinkedIn,Fully Meets,5,3,0,0,2
"Gosciminski, Phylicia  ",10218,0,3,5,3,0,66149,0,20,Production Technician II,QLD,8/12/1988,Female,Citizen,No,30/09/2018,,N/A-StillEmployed,Active,Production       ,Kissy Sullivan,20,Google Search,Fully Meets,4.4,5,0,0,1
"Goyal, Roxana",10256,0,3,5,3,0,49256,0,19,Production Technician I,QLD,9/10/1979,Female,Citizen,No,19/08/2018,,N/A-StillEmployed,Active,Production       ,Kissy Sullivan,20,LinkedIn,Fully Meets,4.1,5,0,0,3
"Gray, Elijiah  ",10098,1,1,5,3,0,62957,0,18,Production Manager,QLD,11/07/1986,Male,Citizen,No,2/06/2020,,N/A-StillEmployed,Active,Production       ,Janet King,2,Employee Referral,Fully Meets,4.63,3,0,0,2
"Gross, Paula",10059,0,5,5,3,0,63813,1,19,Production Technician I,QLD,21/05/1988,Female,Citizen,No,21/02/2016,11/01/2019,more money,Voluntarily Terminated,Production       ,Kelley Spirea,18,CareerBuilder,Fully Meets,5,5,0,0,17
"Handschiegl, Joanne",10125,0,1,5,3,0,54828,0,19,Production Technician I,QLD,23/03/1982,Female,Citizen,No,28/11/2016,,N/A-StillEmployed,Active,Production       ,Michael Albert,22,Google Search,Fully Meets,4.2,4,0,0,13
"Hankard, Earnest",10074,1,1,5,3,0,64246,0,20,Production Technician II,QLD,10/08/1993,Male,Citizen,Yes,11/11/2018,,N/A-StillEmployed,Active,Production       ,Kelley Spirea,18,LinkedIn,Fully Meets,5,3,0,0,20
"Harrington, Christie ",10097,0,5,5,3,0,52177,1,19,Production Technician I,QLD,18/08/1957,Female,Citizen,No,9/01/2017,15/12/2020,retiring,Voluntarily Terminated,Production       ,Webster Butler,39,CareerBuilder,Fully Meets,4.64,4,0,0,8
"Harrison, Kara",10007,0,1,5,4,0,62065,0,19,Production Technician I,QLD,2/05/1979,Female,Citizen,No,12/05/2019,,N/A-StillEmployed,Active,Production       ,Amy Dunn,11,CareerBuilder,Exceeds,4.76,4,0,0,5
"Heitzman, Anthony",10129,2,1,5,3,0,46998,0,19,Production Technician I,QLD,4/01/1989,Non Binary,Citizen,No,13/08/2017,,N/A-StillEmployed,Active,Production       ,Ketsia Liebig,19,Google Search,Fully Meets,4.17,4,0,0,1
"Hendrickson, Trina",10075,0,5,5,3,0,68099,1,20,Production Technician II,QLD,27/08/1977,Female,Citizen,No,10/01/2016,18/06/2018,hours,Voluntarily Terminated,Production       ,Kelley Spirea,18,CareerBuilder,Fully Meets,5,3,0,0,15
"Homberger, Adrienne  J",10195,0,5,5,3,0,63478,1,20,Production Technician II,QLD,16/02/1989,Female,Work Visa,No,15/08/2016,7/04/2017,relocation out of area,Voluntarily Terminated,Production       ,Michael Albert,30,Indeed,Fully Meets,3.03,5,0,0,16
"Hudson, Jane",10248,0,1,5,3,0,55425,0,19,Production Technician I,QLD,10/06/1991,Female,Citizen,No,20/02/2017,,N/A-StillEmployed,Active,Production       ,Ketsia Liebig,19,LinkedIn,Fully Meets,4.8,4,0,0,4
"Hunts, Julissa",10201,0,2,5,3,0,69340,0,20,Production Technician II,QLD,11/03/1989,Female,Citizen,No,6/06/2021,,N/A-StillEmployed,Active,Production       ,Elijiah Gray,16,LinkedIn,Fully Meets,3,5,0,0,4
"Hutter, Rosalie",10214,0,2,5,3,0,64995,0,20,Production Technician II,QLD,7/05/1997,Female,Citizen,No,5/06/2020,,N/A-StillEmployed,Active,Production       ,Webster Butler,,Indeed,Fully Meets,4.5,3,0,0,6
"Huynh, Ming",10160,0,5,5,3,0,68182,1,20,Production Technician II,QLD,22/09/1981,Female,Citizen,No,21/02/2016,1/04/2018,unhappy,Voluntarily Terminated,Production       ,Amy Dunn,11,Google Search,Fully Meets,3.72,3,0,0,18
"Immediato, Walter",10289,1,5,5,2,0,83082,1,18,Production Manager,QLD,15/11/1981,Male,Citizen,No,21/02/2016,24/09/2017,unhappy,Voluntarily Terminated,Production       ,Janet King,2,Indeed,Needs Improvement,2.34,2,0,3,4
"Ivey, Rose ",10139,0,1,5,3,0,51908,0,19,Production Technician I,QLD,28/01/1996,Female,Citizen,No,19/08/2018,,N/A-StillEmployed,Active,Production       ,Brannon Miller,12,Indeed,Fully Meets,3.99,3,0,0,14
"Jackson, Maryellen",10227,0,1,5,3,0,61242,0,19,Production Technician I,QLD,11/09/1977,Female,Citizen,No,5/11/2017,,N/A-StillEmployed,Active,Production       ,David Stanley,14,LinkedIn,Fully Meets,4.1,3,0,0,7
"Jacobi, Hannah  ",10236,0,1,5,3,0,45069,0,19,Production Technician I,QLD,22/03/1971,Female,Citizen,No,30/09/2018,,N/A-StillEmployed,Active,Production       ,Kissy Sullivan,20,Employee Referral,Fully Meets,4.3,5,0,0,7
"Jeannite, Tayana",10009,0,1,5,4,0,60724,0,20,Production Technician II,QLD,6/11/1991,Female,Citizen,No,5/07/2016,,N/A-StillEmployed,Active,Production       ,Ketsia Liebig,19,LinkedIn,Exceeds,4.6,4,0,0,11
"Jhaveri, Sneha  ",10060,0,1,5,3,0,60436,0,19,Production Technician I,QLD,13/04/1969,Female,Citizen,No,6/01/2019,,N/A-StillEmployed,Active,Production       ,Kelley Spirea,18,LinkedIn,Fully Meets,5,5,0,0,9
"Johnson, George",10034,1,5,5,4,0,46837,1,19,Production Technician I,QLD,19/08/1964,Male,Citizen,No,7/11/2016,29/04/2023,more money,Voluntarily Terminated,Production       ,Michael Albert,22,CareerBuilder,Exceeds,4.7,4,0,0,9
"Johnston, Yen",10036,0,1,5,4,0,63322,0,20,Production Technician II,QLD,8/09/1974,Female,Citizen,No,7/07/2019,,N/A-StillEmployed,Active,Production       ,Brannon Miller,12,LinkedIn,Exceeds,4.3,3,0,0,1
"Jung, Judy  ",10138,0,5,5,3,0,61154,1,19,Production Technician I,QLD,17/04/1991,Female,Citizen,No,10/01/2016,1/04/2021,unhappy,Voluntarily Terminated,Production       ,Elijiah Gray,16,CareerBuilder,Fully Meets,4,4,0,0,4
"Keatts, Kramer ",10192,1,1,5,3,0,50482,0,19,Production Technician I,QLD,19/01/1981,Male,Citizen,No,30/09/2018,,N/A-StillEmployed,Active,Production       ,Michael Albert,22,Indeed,Fully Meets,3.07,4,0,0,10
"Kinsella, Kathleen  ",10166,0,5,5,3,0,54005,1,19,Production Technician I,QLD,8/12/1978,Female,Citizen,No,26/09/2016,4/06/2020,more money,Voluntarily Terminated,Production       ,Webster Butler,39,Google Search,Fully Meets,3.6,5,0,0,16
"Kirill, Alexandra  ",10170,0,5,5,3,0,45433,1,19,Production Technician I,QLD,8/10/1975,Female,Citizen,No,26/09/2016,9/01/2019,more money,Voluntarily Terminated,Production       ,Amy Dunn,11,Google Search,Fully Meets,3.49,4,0,0,6
"Knapp, Bradley  J",10208,1,1,5,3,0,46654,0,19,Production Technician I,QLD,10/11/1982,Male,Citizen,No,17/02/2019,,N/A-StillEmployed,Active,Production       ,Ketsia Liebig,19,LinkedIn,Fully Meets,3.1,3,0,0,3
"Kretschmer, John",10176,1,1,5,3,0,63973,0,19,Production Technician I,QLD,2/02/1985,Male,Citizen,No,10/01/2016,,N/A-StillEmployed,Active,Production       ,Brannon Miller,12,Indeed,Fully Meets,3.38,3,0,0,17
"Landa, Hans",10092,1,4,5,3,0,82758,1,18,Production Manager,QLD,1/07/1977,Male,Citizen,No,10/01/2016,12/12/2020,attendance,Terminated for Cause,Production       ,Janet King,2,Employee Referral,Fully Meets,4.78,4,0,0,9
"Langford, Lindsey",10106,0,5,5,3,0,66074,1,20,Production Technician II,QLD,25/07/1984,Female,Citizen,No,7/01/2018,31/03/2019,Another position,Voluntarily Terminated,Production       ,David Stanley,14,Indeed,Fully Meets,4.52,3,0,0,20
"Langton, Enrico",10052,1,1,5,3,0,46120,0,19,Production Technician I,QLD,9/12/1991,Male,Citizen,No,9/07/2017,,N/A-StillEmployed,Active,Production       ,David Stanley,14,LinkedIn,Fully Meets,5,5,0,0,13
"Latif, Mohammed",10249,1,5,5,3,0,61962,1,20,Production Technician II,QLD,9/05/1989,Male,Citizen,No,2/04/2017,15/04/2018,more money,Voluntarily Terminated,Production       ,Kissy Sullivan,20,Google Search,Fully Meets,4.9,3,0,0,20
"Leach, Dallas",10087,0,5,5,3,0,63676,1,19,Production Technician I,QLD,17/01/1984,Female,Citizen,No,26/09/2016,19/08/2023,return to school,Voluntarily Terminated,Production       ,Kissy Sullivan,20,CareerBuilder,Fully Meets,4.88,3,0,0,17
"Lecter, Hannibal",10251,1,1,5,3,0,64738,0,19,Production Technician I,QLD,2/09/1987,Male,Citizen,No,14/05/2017,,N/A-StillEmployed,Active,Production       ,Elijiah Gray,16,Google Search,Fully Meets,4.1,3,0,0,10
"Liebig, Ketsia",10017,0,1,5,4,0,77915,0,18,Production Manager,QLD,26/10/1986,Female,Citizen,No,30/09/2018,,N/A-StillEmployed,Active,Production       ,Janet King,2,Website,Exceeds,4.1,3,0,0,11
"Linares, Marilyn ",10186,0,5,5,3,0,52624,1,19,Production Technician I,QLD,26/03/1986,Female,Citizen,No,5/07/2016,26/09/2023,unhappy,Voluntarily Terminated,Production       ,Michael Albert,22,Indeed,Fully Meets,3.18,4,0,0,16
"Linden, Mathew",10137,1,3,5,3,0,63450,0,20,Production Technician II,QLD,19/03/1984,Male,Citizen,No,8/07/2018,,N/A-StillEmployed,Active,Production       ,Kelley Spirea,18,LinkedIn,Fully Meets,4,3,0,0,7
"Lundy, Susan",10096,0,5,5,3,0,67237,1,20,Production Technician II,QLD,26/12/1981,Female,Citizen,No,8/07/2018,15/09/2021,more money,Voluntarily Terminated,Production       ,Michael Albert,22,LinkedIn,Fully Meets,4.65,4,0,0,15
"Lunquist, Lisa",10035,0,1,5,4,0,73330,0,20,Production Technician II,QLD,28/03/1987,Female,Citizen,No,19/08/2018,,N/A-StillEmployed,Active,Production       ,Elijiah Gray,16,Indeed,Exceeds,4.2,4,0,0,19
"Lydon, Allison",10057,0,3,5,3,0,52057,0,19,Production Technician I,QLD,22/10/1980,Female,Citizen,No,16/02/2020,,N/A-StillEmployed,Active,Production       ,Elijiah Gray,16,Website,Fully Meets,5,3,0,0,6
"Lynch, Lindsay",10004,0,5,5,4,1,47434,1,19,Production Technician I,QLD,14/02/1978,Female,Citizen,Yes,7/11/2016,14/11/2020,Another position,Voluntarily Terminated,Production       ,Webster Butler,39,Diversity Job Fair,Exceeds,5,4,0,0,17
"MacLennan, Samuel",10191,1,5,5,3,0,52788,1,19,Production Technician I,QLD,9/11/1977,Male,Citizen,No,24/09/2017,26/09/2022,hours,Voluntarily Terminated,Production       ,Amy Dunn,11,Indeed,Fully Meets,3.08,4,0,0,18
"Mahoney, Lauren  ",10219,0,1,5,3,0,45395,0,19,Production Technician I,QLD,7/07/1991,Female,Citizen,No,6/01/2019,,N/A-StillEmployed,Active,Production       ,Ketsia Liebig,19,LinkedIn,Fully Meets,4.6,4,0,0,14
"Manchester, Robyn",10077,0,2,5,3,0,62385,0,20,Production Technician II,QLD,25/08/1981,Female,Citizen,No,11/05/2021,,N/A-StillEmployed,Active,Production       ,Webster Butler,,LinkedIn,Fully Meets,5,3,0,0,4
"Mancuso, Karen",10073,0,5,5,3,0,68407,1,20,Production Technician II,QLD,10/12/1991,Female,Citizen,No,5/07/2016,19/08/2017,Another position,Voluntarily Terminated,Production       ,Amy Dunn,11,LinkedIn,Fully Meets,5,4,0,0,16
"Mangal, Debbie",10279,0,1,5,3,0,61349,0,19,Production Technician I,QLD,7/11/1979,Female,Citizen,No,11/11/2018,,N/A-StillEmployed,Active,Production       ,Brannon Miller,12,LinkedIn,Fully Meets,4.1,3,0,0,11
"Maurice, Shana",10053,0,1,5,3,0,54132,0,19,Production Technician I,QLD,22/11/1982,Female,Citizen,No,31/05/2016,,N/A-StillEmployed,Active,Production       ,David Stanley,14,Indeed,Fully Meets,5,4,0,0,8
"Carthy, B'rigit",10076,0,1,5,3,0,55315,0,20,Production Technician II,QLD,21/05/1992,Female,Citizen,No,30/03/2020,,N/A-StillEmployed,Active,Production       ,Ketsia Liebig,19,LinkedIn,Fully Meets,5,5,0,0,16
"Mckenna, Sandy",10145,0,1,5,3,0,62810,0,19,Production Technician I,QLD,7/01/1992,Female,Citizen,No,7/01/2018,,N/A-StillEmployed,Active,Production       ,Kissy Sullivan,20,CareerBuilder,Fully Meets,3.93,3,0,0,20
"Meads, Elizabeth",10128,0,5,5,3,1,62659,1,19,Production Technician I,QLD,30/05/1973,Female,Citizen,No,2/04/2017,11/11/2021,Another position,Voluntarily Terminated,Production       ,Kelley Spirea,18,Diversity Job Fair,Fully Meets,4.18,4,0,0,17
"Medeiros, Jennifer",10068,0,1,5,3,0,55688,0,19,Production Technician I,QLD,22/09/1981,Female,Citizen,No,30/03/2020,,N/A-StillEmployed,Active,Production       ,Michael Albert,22,CareerBuilder,Fully Meets,5,4,0,0,10
"Miller, Brannon",10116,1,1,5,3,0,83667,0,18,Production Manager,QLD,10/08/1986,Male,Citizen,yes,16/08/2017,,N/A-StillEmployed,Active,Production       ,Janet King,2,Indeed,Fully Meets,4.37,3,0,0,2
"Miller, Ned",10298,1,5,5,1,0,55800,1,20,Production Technician II,QLD,29/06/1990,Male,Citizen,No,15/08/2016,4/09/2019,unhappy,Voluntarily Terminated,Production       ,Brannon Miller,12,LinkedIn,PIP,3,2,0,6,6
"Monkfish, Erasumus",10213,1,1,5,3,0,58207,0,20,Production Technician II,QLD,17/08/1997,Male,Citizen,No,7/11/2016,,N/A-StillEmployed,Active,Production       ,David Stanley,14,LinkedIn,Fully Meets,3.7,3,0,0,14
"Monterro, Luisa",10025,0,1,5,4,0,72460,0,20,Production Technician II,QLD,24/04/1975,Female,Citizen,No,13/05/2018,,N/A-StillEmployed,Active,Production       ,Kissy Sullivan,20,Indeed,Exceeds,4.7,3,0,0,1
"Moran, Patrick",10223,1,3,5,3,1,72106,0,20,Production Technician II,QLD,3/12/1981,Male,Citizen,No,9/01/2017,,N/A-StillEmployed,Active,Production       ,Kelley Spirea,18,Diversity Job Fair,Fully Meets,4.1,4,0,0,12
"Motlagh,  Dawn",10254,0,1,5,3,0,63430,0,19,Production Technician I,QLD,7/07/1989,Female,Citizen,No,1/04/2018,,N/A-StillEmployed,Active,Production       ,Elijiah Gray,16,LinkedIn,Fully Meets,4.4,4,0,0,18
"Moumanil, Maliki ",10120,1,1,5,3,0,74417,0,20,Production Technician II,QLD,1/12/1979,Male,Citizen,No,13/05/2018,,N/A-StillEmployed,Active,Production       ,Michael Albert,22,LinkedIn,Fully Meets,4.29,5,0,0,11
"Myers, Michael",10216,1,1,5,3,0,57575,0,19,Production Technician I,QLD,18/04/1985,Male,Citizen,No,8/07/2018,,N/A-StillEmployed,Active,Production       ,Kissy Sullivan,20,LinkedIn,Fully Meets,4.1,4,0,0,13
"Ndzi, Colombui",10215,1,5,5,3,1,50470,1,19,Production Technician I,QLD,2/05/1994,Male,Citizen,No,26/09/2016,4/04/2019,return to school,Voluntarily Terminated,Production       ,Webster Butler,39,Diversity Job Fair,Fully Meets,4.3,3,0,0,19
"Ndzi, Horia",10185,1,5,5,3,0,46664,1,19,Production Technician I,QLD,28/03/1988,Male,Citizen,No,1/04/2018,25/05/2021,more money,Voluntarily Terminated,Production       ,Amy Dunn,11,Employee Referral,Fully Meets,3.18,3,0,0,10
"Newman, Richard ",10063,1,3,5,3,0,48495,0,19,Production Technician I,QLD,8/04/1982,Male,Citizen,No,12/05/2019,,N/A-StillEmployed,Active,Production       ,Ketsia Liebig,19,LinkedIn,Fully Meets,5,5,0,0,11
"Ngodup, Shari ",10037,0,1,5,4,1,52984,0,19,Production Technician I,QLD,3/06/1972,Female,Citizen,No,1/04/2018,,N/A-StillEmployed,Active,Production       ,Brannon Miller,12,Diversity Job Fair,Exceeds,4,3,0,0,12
"Nguyen, Lei-Ming",10206,0,1,5,3,0,62061,0,19,Production Technician I,QLD,7/07/1989,Female,Citizen,No,8/07/2018,,N/A-StillEmployed,Active,Production       ,David Stanley,14,LinkedIn,Fully Meets,3.6,5,0,0,4
"Nowlan, Kristie",10104,0,1,5,3,0,66738,0,20,Production Technician II,QLD,23/11/1990,Female,Citizen,No,10/11/2019,,N/A-StillEmployed,Active,Production       ,Elijiah Gray,16,Indeed,Fully Meets,4.53,5,0,0,5
"O'hare, Lynn",10303,0,4,5,1,0,52674,1,19,Production Technician I,QLD,30/09/1985,Female,Citizen,No,31/03/2019,1/05/2023,performance,Terminated for Cause,Production       ,Kissy Sullivan,20,LinkedIn,PIP,2.33,2,0,6,3
"Oliver, Brooke ",10078,0,5,5,3,0,71966,1,20,Production Technician II,QLD,11/02/1957,Female,Citizen,No,14/05/2017,19/08/2018,unhappy,Voluntarily Terminated,Production       ,Webster Butler,39,LinkedIn,Fully Meets,5,3,0,0,17
"Osturnka, Adeel",10021,1,1,5,4,0,47414,0,19,Production Technician I,QLD,11/12/1981,Male,Citizen,No,30/09/2018,,N/A-StillEmployed,Active,Production       ,Kelley Spirea,18,LinkedIn,Exceeds,5,3,0,0,13
"Owad, Clinton",10281,1,1,5,2,0,53060,0,19,Production Technician I,QLD,24/11/1984,Male,Citizen,No,17/02/2019,,N/A-StillEmployed,Active,Production       ,Michael Albert,22,LinkedIn,Needs Improvement,4.25,3,0,4,6
"Panjwani, Nina",10148,0,5,5,3,0,63515,1,19,Production Technician I,QLD,1/05/1984,Female,Citizen,No,7/02/2016,12/01/2019,Another position,Voluntarily Terminated,Production       ,Elijiah Gray,16,Google Search,Fully Meets,3.89,4,0,0,7
"Smith, Martin",10286,1,5,5,2,0,53564,1,19,Production Technician I,QLD,17/03/1993,Male,Citizen,No,10/01/2016,28/12/2022,career change,Voluntarily Terminated,Production       ,Webster Butler,39,Google Search,Needs Improvement,3.54,5,0,4,15
"Pelletier, Ermine",10297,0,5,5,2,0,60270,1,20,Production Technician II,QLD,18/07/1994,Female,Citizen,No,5/07/2016,15/09/2020,unhappy,Voluntarily Terminated,Production       ,Amy Dunn,11,CareerBuilder,Needs Improvement,2.4,5,0,5,2
"Perry, Shakira",10171,0,5,5,3,0,45998,1,19,Production Technician I,QLD,20/07/1991,Female,Citizen,No,16/05/2016,25/10/2020,medical issues,Voluntarily Terminated,Production       ,Amy Dunn,11,LinkedIn,Fully Meets,3.45,4,0,0,5
"Peters, Lauren",10032,0,5,5,4,0,57954,1,20,Production Technician II,QLD,17/08/1991,Female,Citizen,No,16/05/2016,4/02/2018,more money,Voluntarily Terminated,Production       ,Ketsia Liebig,19,Indeed,Exceeds,4.2,5,0,0,12
"Peterson, Ebonee  ",10130,0,5,5,3,0,74669,1,18,Production Manager,QLD,9/05/1982,Female,Citizen,No,25/10/2015,18/05/2021,Another position,Voluntarily Terminated,Production       ,Janet King,2,Indeed,Fully Meets,4.16,5,0,0,6
"Petingill, Shana  ",10217,0,1,5,3,0,74226,0,20,Production Technician II,QLD,10/03/1984,Female,Permanent Resident,No,2/04/2017,,N/A-StillEmployed,Active,Production       ,Brannon Miller,12,LinkedIn,Fully Meets,4.3,3,0,0,14
"Pham, Hong",10050,1,5,5,3,0,64724,1,19,Production Technician I,QLD,6/03/1993,Male,Citizen,No,5/07/2016,30/11/2017,more money,Voluntarily Terminated,Production       ,Brannon Miller,12,Google Search,Fully Meets,5,3,0,0,13
"Pitt, Brad ",10164,1,1,5,3,0,47001,0,19,Production Technician I,QLD,23/11/1986,Male,Citizen,No,5/11/2012,,N/A-StillEmployed,Active,Production       ,David Stanley,14,Google Search,Fully Meets,3.66,3,0,0,15
"Power, Morissa",10187,0,5,5,3,0,46799,1,19,Production Technician I,QLD,15/10/1989,Female,Permanent Resident,No,16/05/2016,4/06/2023,Another position,Voluntarily Terminated,Production       ,Kissy Sullivan,20,Google Search,Fully Meets,3.17,4,0,0,14
"Punjabhi, Louis  ",10225,1,1,5,3,0,59472,0,19,Production Technician I,QLD,19/06/1966,Male,Citizen,No,6/01/2019,,N/A-StillEmployed,Active,Production       ,Kelley Spirea,18,Employee Referral,Fully Meets,4.8,3,0,0,14
"Purinton, Janine",10262,0,5,5,3,0,46430,1,19,Production Technician I,QLD,22/09/1975,Female,Citizen,No,24/09/2017,18/06/2018,unhappy,Voluntarily Terminated,Production       ,Kissy Sullivan,20,Indeed,Fully Meets,4.5,5,0,0,16
"Rarrick, Quinn",10152,1,5,5,3,0,61729,1,19,Production Technician I,QLD,31/12/1989,Male,Citizen,No,26/09/2016,7/04/2023,more money,Voluntarily Terminated,Production       ,Michael Albert,22,Indeed,Fully Meets,3.8,5,0,0,19
"Rhoads, Thomas",10058,1,5,5,3,0,45115,1,19,Production Technician I,QLD,22/07/1987,Male,Citizen,Yes,16/05/2016,15/01/2021,retiring,Voluntarily Terminated,Production       ,Elijiah Gray,16,LinkedIn,Fully Meets,5,4,0,0,11
"Rivera, Haley  ",10011,0,1,5,4,0,46738,0,19,Production Technician I,QLD,12/01/1978,Female,Citizen,No,28/11/2016,,N/A-StillEmployed,Active,Production       ,Webster Butler,,Google Search,Exceeds,4.36,5,0,0,16
"Roberson, May",10230,0,5,5,3,0,64971,1,20,Production Technician II,QLD,5/09/1986,Female,Permanent Resident,No,26/09/2016,22/10/2016,return to school,Voluntarily Terminated,Production       ,David Stanley,14,Google Search,Fully Meets,4.5,4,0,0,10
"Robertson, Peter",10224,1,5,5,3,0,55578,1,20,Production Technician II,QLD,3/07/1977,Male,Citizen,No,5/07/2016,8/02/2017,Another position,Voluntarily Terminated,Production       ,Kissy Sullivan,20,Indeed,Fully Meets,4.2,5,0,0,13
"Robinson, Alain  ",10047,1,5,5,3,0,50428,1,19,Production Technician I,QLD,7/01/1979,Male,Citizen,No,10/01/2016,26/01/2021,attendance,Voluntarily Terminated,Production       ,Amy Dunn,11,Indeed,Fully Meets,5,3,0,0,11
"Robinson, Cherly",10285,0,4,5,2,0,61422,1,19,Production Technician I,QLD,7/01/1990,Female,Citizen,No,10/01/2016,17/05/2021,attendance,Terminated for Cause,Production       ,Ketsia Liebig,19,Indeed,Needs Improvement,3.6,3,0,4,16
"Robinson, Elias",10020,1,1,5,4,0,63353,0,19,Production Technician I,QLD,28/01/1990,Male,Citizen,No,8/07/2018,,N/A-StillEmployed,Active,Production       ,Brannon Miller,12,Employee Referral,Exceeds,3.6,5,0,0,4
"Rose, Ashley  ",10054,0,1,5,3,0,60627,0,19,Production Technician I,QLD,5/12/1979,Female,Citizen,No,6/01/2019,,N/A-StillEmployed,Active,Production       ,David Stanley,14,Website,Fully Meets,5,4,0,0,8
"Rossetti, Bruno",10065,1,5,5,3,0,53180,1,19,Production Technician I,QLD,18/03/1992,Male,Citizen,No,4/04/2016,13/08/2023,Another position,Voluntarily Terminated,Production       ,Kissy Sullivan,20,Google Search,Fully Meets,5,5,0,0,4
"Saar-Beckles, Melinda",10295,0,2,5,2,1,47750,0,19,Production Technician I,QLD,6/06/1973,Female,Citizen,No,4/07/2021,,N/A-StillEmployed,Active,Production       ,Kelley Spirea,18,Diversity Job Fair,Needs Improvement,2.6,4,0,5,4
"Sadki, Nore  ",10260,1,5,5,3,0,46428,1,19,Production Technician I,QLD,21/12/1979,Male,Citizen,No,5/01/2014,30/07/2023,relocation out of area,Voluntarily Terminated,Production       ,Michael Albert,22,Google Search,Fully Meets,4.6,5,0,0,7
"Sahoo, Adil",10233,1,1,5,3,0,57975,0,20,Production Technician II,QLD,26/04/1991,Male,Citizen,No,30/08/2015,,N/A-StillEmployed,Active,Production       ,Kelley Spirea,18,CareerBuilder,Fully Meets,4.1,3,0,0,13
"Sander, Kamrin",10169,0,1,5,3,0,56147,0,19,Production Technician I,QLD,10/07/1993,Female,Citizen,No,29/09/2019,,N/A-StillEmployed,Active,Production       ,Elijiah Gray,16,LinkedIn,Fully Meets,3.51,3,0,0,2
"Sewkumar, Nori",10071,0,3,5,3,0,50923,0,19,Production Technician I,QLD,10/03/1980,Female,Citizen,No,30/09/2018,,N/A-StillEmployed,Active,Production       ,Webster Butler,,Google Search,Fully Meets,5,5,0,0,14
"Shields, Seffi",10091,0,1,5,3,0,52087,0,19,Production Technician I,QLD,24/08/1990,Female,Citizen,No,19/08/2018,,N/A-StillEmployed,Active,Production       ,Amy Dunn,11,LinkedIn,Fully Meets,4.81,4,0,0,15
"Sloan, Constance",10095,0,5,5,3,0,63878,1,20,Production Technician II,QLD,25/11/1992,Female,Citizen,No,26/10/2014,8/04/2020,maternity leave - did not return,Voluntarily Terminated,Production       ,Michael Albert,22,CareerBuilder,Fully Meets,4.68,4,0,0,20
"Smith, Joe",10027,1,1,5,4,0,60656,0,20,Production Technician II,QLD,30/10/1968,Male,Citizen,No,29/09/2019,,N/A-StillEmployed,Active,Production       ,Elijiah Gray,16,Indeed,Exceeds,4.3,3,0,0,4
"Smith, Sade",10157,0,1,5,3,0,58939,0,19,Production Technician I,QLD,2/02/1970,Female,Citizen,No,11/11/2018,,N/A-StillEmployed,Active,Production       ,Ketsia Liebig,19,Employee Referral,Fully Meets,3.73,3,0,0,16
"Sparks, Taylor  ",10302,0,1,5,1,0,64021,0,19,Production Technician I,QLD,20/07/1973,Female,Citizen,No,20/02/2017,,N/A-StillEmployed,Active,Production       ,Brannon Miller,12,Indeed,PIP,2.4,2,1,6,20
"Spirea, Kelley",10090,0,1,5,3,0,65714,0,18,Production Manager,QLD,30/09/1980,Female,Citizen,No,2/10/2017,,N/A-StillEmployed,Active,Production       ,Janet King,2,LinkedIn,Fully Meets,4.83,5,0,0,15
"Squatrito, Kristen",10030,0,5,5,4,0,62425,1,19,Production Technician I,QLD,26/03/1978,Female,Citizen,No,13/05/2018,29/06/2020,unhappy,Voluntarily Terminated,Production       ,David Stanley,14,LinkedIn,Exceeds,4.1,4,0,0,16
"Stanford,Barbara  M",10278,0,1,5,3,0,47961,0,19,Production Technician I,QLD,25/08/1987,Female,Citizen,No,10/01/2016,,N/A-StillEmployed,Active,Production       ,Kissy Sullivan,20,Google Search,Fully Meets,4.1,4,0,0,9
"Stoica, Rick",10266,1,1,5,3,0,61355,0,19,Production Technician I,QLD,14/03/1990,Male,Citizen,No,17/02/2019,,N/A-StillEmployed,Active,Production       ,Kelley Spirea,18,LinkedIn,Fully Meets,4.7,3,0,0,4
"Sullivan, Kissy ",10158,0,1,5,3,0,63682,0,18,Production Manager,QLD,28/03/1983,Female,Citizen,No,8/01/2014,,N/A-StillEmployed,Active,Production       ,Janet King,2,Indeed,Fully Meets,3.73,4,0,0,12
"Sullivan, Timothy",10117,1,1,5,3,0,63025,0,19,Production Technician I,QLD,7/10/1987,Male,Citizen,Yes,5/01/2020,,N/A-StillEmployed,Active,Production       ,Michael Albert,22,Google Search,Fully Meets,4.36,5,0,0,10
"Sutwell, Barbara",10209,0,1,5,3,0,59238,0,19,Production Technician I,QLD,15/08/1973,Female,Permanent Resident,No,14/05/2017,,N/A-StillEmployed,Active,Production       ,Elijiah Gray,16,Indeed,Fully Meets,3.4,5,0,0,13
"Tavares, Desiree  ",10221,0,5,5,3,1,60754,1,19,Production Technician I,QLD,3/04/1980,Female,Work Visa,No,27/04/2014,1/04/2018,Another position,Voluntarily Terminated,Production       ,Webster Butler,39,Diversity Job Fair,Fully Meets,4.5,5,0,0,11
"Tejeda, Lenora ",10146,0,5,5,3,0,72202,1,20,Production Technician II,QLD,24/05/1958,Female,Citizen,No,16/05/2016,8/07/2022,Another position,Voluntarily Terminated,Production       ,Elijiah Gray,16,Google Search,Fully Meets,3.93,3,0,0,3
"Theamstern, Sophia",10141,0,5,5,3,0,48413,1,19,Production Technician I,QLD,9/05/1970,Female,Citizen,No,5/07/2016,5/09/2021,return to school,Voluntarily Terminated,Production       ,Amy Dunn,11,Indeed,Fully Meets,3.98,4,0,0,1
"Thibaud, Kenneth",10268,1,5,5,3,0,67176,1,20,Production Technician II,QLD,16/09/1980,Male,Citizen,No,25/06/2012,30/08/2015,military,Voluntarily Terminated,Production       ,Webster Butler,39,Other,Fully Meets,4.1,4,0,0,15
"Tippett, Jeanette",10123,0,1,5,3,0,56339,0,19,Production Technician I,QLD,5/06/1972,Female,Citizen,No,18/02/2018,,N/A-StillEmployed,Active,Production       ,Brannon Miller,12,Indeed,Fully Meets,4.21,5,0,0,4
"Trang, Mei",10287,0,1,5,2,0,63025,0,19,Production Technician I,QLD,16/05/1988,Female,Citizen,No,17/02/2019,,N/A-StillEmployed,Active,Production       ,David Stanley,14,LinkedIn,Needs Improvement,2.44,5,0,4,18
"Trzeciak, Cybil",10270,0,5,5,3,0,74813,1,20,Production Technician II,QLD,15/03/1990,Female,Citizen,No,10/01/2016,2/07/2019,unhappy,Voluntarily Terminated,Production       ,Amy Dunn,11,LinkedIn,Fully Meets,4.4,3,0,0,5
"Veera, Abdellah ",10014,1,5,5,4,0,58523,1,19,Production Technician I,QLD,31/01/1992,Male,Citizen,No,13/08/2017,5/02/2021,maternity leave - did not return,Voluntarily Terminated,Production       ,Kissy Sullivan,20,LinkedIn,Exceeds,4.5,5,0,0,15
"Vega, Vincent",10144,1,1,5,3,0,88976,0,17,Production Manager,QLD,10/10/1973,Male,Citizen,No,1/08/2016,,N/A-StillEmployed,Active,Production       ,Janet King,2,Employee Referral,Fully Meets,3.93,3,0,0,19
"Volk, Colleen",10022,0,4,5,4,0,49773,1,19,Production Technician I,QLD,3/06/1991,Female,Citizen,No,26/09/2016,8/02/2021,gross misconduct,Terminated for Cause,Production       ,Kelley Spirea,18,Google Search,Exceeds,4.3,5,0,0,18
"Von Massenbach, Anna",10183,0,2,5,3,0,62068,0,19,Production Technician I,QLD,6/04/1990,Female,Citizen,No,5/07/2020,,N/A-StillEmployed,Active,Production       ,Michael Albert,22,LinkedIn,Fully Meets,3.21,3,0,0,7
"Walker, Roger",10190,1,1,5,3,0,66541,0,20,Production Technician II,QLD,10/02/1981,Male,Citizen,No,18/08/2019,,N/A-StillEmployed,Active,Production       ,Ketsia Liebig,19,Employee Referral,Fully Meets,3.11,5,0,0,4
"Wallace, Courtney  E",10274,0,5,5,3,1,80512,1,18,Production Manager,QLD,14/11/1960,Female,Citizen,No,26/09/2016,2/01/2017,Another position,Voluntarily Terminated,Production       ,Janet King,2,Diversity Job Fair,Fully Meets,4.5,3,0,0,5
"Wallace, Theresa",10293,0,5,5,2,0,50274,1,19,Production Technician I,QLD,2/08/1985,Female,Citizen,No,13/08/2017,1/09/2020,career change,Voluntarily Terminated,Production       ,Elijiah Gray,16,CareerBuilder,Needs Improvement,2.5,3,0,6,13
"Whittier, Scott",10072,1,5,5,3,0,58371,1,19,Production Technician I,QLD,24/05/1992,Male,Citizen,Yes,10/01/2016,15/05/2019,hours,Voluntarily Terminated,Production       ,Webster Butler,39,LinkedIn,Fully Meets,5,5,0,0,11
"Wilber, Barry",10048,1,5,5,3,0,55140,1,19,Production Technician I,QLD,9/09/1970,Male,Permanent Resident,No,16/05/2016,7/09/2020,unhappy,Voluntarily Terminated,Production       ,Amy Dunn,11,Website,Fully Meets,5,3,0,0,7
"Wilkes, Annie",10204,0,5,5,3,0,58062,1,19,Production Technician I,QLD,30/07/1988,Female,Citizen,No,10/01/2016,14/05/2017,Another position,Voluntarily Terminated,Production       ,Ketsia Liebig,19,Google Search,Fully Meets,3.6,5,0,0,9
"Williams, Jacquelyn  ",10264,0,5,5,3,1,59728,1,19,Production Technician I,QLD,2/10/1974,Female,Citizen,Yes,9/01/2017,27/06/2020,relocation out of area,Voluntarily Terminated,Production       ,Ketsia Liebig,19,Diversity Job Fair,Fully Meets,4.3,4,0,0,16
"Winthrop, Jordan  ",10033,1,5,5,4,0,70507,1,20,Production Technician II,QLD,7/11/1963,Male,Citizen,No,7/01/2018,21/02/2021,retiring,Voluntarily Terminated,Production       ,Brannon Miller,12,LinkedIn,Exceeds,5,3,0,0,7
"Wolk, Hang  T",10174,0,1,5,3,0,60446,0,20,Production Technician II,QLD,20/04/1990,Female,Citizen,No,29/09/2019,,N/A-StillEmployed,Active,Production       ,David Stanley,14,LinkedIn,Fully Meets,3.4,4,0,0,14
"Woodson, Jason",10135,1,1,5,3,0,65893,0,20,Production Technician II,QLD,11/05/1990,Male,Citizen,No,7/07/2019,,N/A-StillEmployed,Active,Production       ,Kissy Sullivan,20,LinkedIn,Fully Meets,4.07,4,0,0,13
"Ybarra, Catherine ",10301,2,5,5,1,0,48513,1,19,Production Technician I,QLD,4/05/1987,Non Binary,Citizen,No,2/09/2013,29/09/2020,Another position,Voluntarily Terminated,Production       ,Brannon Miller,12,Google Search,PIP,3.2,2,0,5,4
"Zima, Colleen",10271,0,1,5,3,0,45046,0,19,Production Technician I,QLD,17/08/1983,Female,Citizen,No,29/09/2019,,N/A-StillEmployed,Active,Production       ,David Stanley,14,LinkedIn,Fully Meets,4.5,5,0,0,2
