﻿Employee_Name,EmpID,GenderID,EmpStatusID,DeptID,PerfScoreID,FromDiversityJobFairID,Salary,Termd,PositionID,Position,State,DOB,Gender,CitizenDesc,ATSI,DateofHire,DateofTermination,TermReason,EmploymentStatus,Department,ManagerName,ManagerID,RecruitmentSource,PerformanceScore,EngagementSurvey,EmpSatisfaction,SpecialProjectsCount,DaysLateLast30,Absences
"Ait Sidi, Karthikeyan   ",10084,1,5,3,3,0,104437,1,27,Sr. DBA,QLD,5/05/1980,Male,Citizen,No,30/03/2020,16/06/2023,career change,Voluntarily Terminated,IT/IS,Simon Roup,4,Indeed,Fully Meets,4.96,3,6,0,17
"Bacong, Alejandro ",10250,1,1,3,3,0,50178,0,14,IT Support,QLD,7/01/1993,Male,Citizen,No,5/01/2020,,N/A-StillEmployed,Active,IT/IS,Peter Monroe,7,Indeed,Fully Meets,5,5,6,0,16
"Barbossa, Hector",10012,1,1,3,4,1,92328,0,9,Data Analyst,VIC,4/07/1993,Male,Citizen,No,10/11/2019,,N/A-StillEmployed,Active,IT/IS,Simon Roup,4,Diversity Job Fair,Exceeds,4.28,4,5,0,9
"Becker, Renee",10245,0,4,3,3,0,110000,1,8,Database Administrator,QLD,4/04/1991,Female,Citizen,Yes,7/07/2019,12/09/2020,performance,Terminated for Cause,IT/IS,Simon Roup,4,Google Search,Fully Meets,4.5,4,5,0,8
"Booth, Frank",10199,1,4,3,3,0,103613,1,30,Enterprise Architect,NSW,30/07/1969,Male,Citizen,No,17/02/2019,19/02/2021,Learned that he is a gangster,Terminated for Cause,IT/IS,Simon Roup,4,LinkedIn,Fully Meets,3.5,5,7,0,2
"Carr, Claudia  N",10082,0,2,3,3,0,100031,0,27,Sr. DBA,QLD,6/06/1991,Female,Citizen,No,30/06/2021,,N/A-StillEmployed,Active,IT/IS,Simon Roup,4,LinkedIn,Fully Meets,5,5,6,0,7
"Champaigne, Brian",10108,1,1,3,3,0,110929,0,5,BI Director,QLD,9/02/1977,Male,Citizen,No,6/09/2021,,N/A-StillEmployed,Active,IT/IS,Jennifer Zamora,5,Indeed,Fully Meets,4.5,5,7,0,8
"Clayton, Rick",10220,1,1,3,3,0,68678,0,14,IT Support,QLD,5/09/1990,Male,Citizen,No,5/09/2017,,N/A-StillEmployed,Active,IT/IS,Eric Dougall,6,Indeed,Fully Meets,4.7,3,6,0,2
"Costello, Frank",10193,1,1,3,3,0,83552,0,9,Data Analyst,QLD,26/08/1991,Male,Citizen,No,30/03/2020,,N/A-StillEmployed,Active,IT/IS,Simon Roup,4,Indeed,Fully Meets,3.04,3,6,0,2
"Cross, Noah",10083,1,1,3,3,0,92329,0,28,Sr. Network Engineer,NSW,9/09/1970,Male,Citizen,No,10/11/2019,,N/A-StillEmployed,Active,IT/IS,Peter Monroe,7,Employee Referral,Fully Meets,5,3,4,0,5
"Daniele, Ann  ",10212,0,3,3,3,0,85028,0,28,Sr. Network Engineer,NSW,18/01/1957,Female,Citizen,No,10/11/2019,,N/A-StillEmployed,Active,IT/IS,Peter Monroe,7,LinkedIn,Fully Meets,3.1,5,8,0,19
"DeVito, Tommy",10197,1,1,3,3,0,96820,0,4,BI Developer,QLD,4/09/1988,Male,Citizen,No,15/02/2022,,N/A-StillEmployed,Active,IT/IS,Brian Champaigne,13,Indeed,Fully Meets,3.01,5,7,0,15
"Dolan, Linda",10133,0,1,3,3,0,70621,0,14,IT Support,QLD,18/07/1993,Female,Citizen,No,5/01/2020,,N/A-StillEmployed,Active,IT/IS,Peter Monroe,7,Employee Referral,Fully Meets,4.11,4,6,0,16
"Dougall, Eric",10028,1,1,3,4,0,138888,0,13,IT Manager - Support,QLD,9/07/1975,Male,Citizen,No,5/01/2019,,N/A-StillEmployed,Active,IT/IS,Jennifer Zamora,5,Indeed,Exceeds,4.3,5,5,0,4
"Fett, Boba",10309,1,1,3,1,0,53366,0,15,Network Engineer,QLD,18/06/1992,Male,Citizen,No,30/03/2020,,N/A-StillEmployed,Active,IT/IS,Peter Monroe,7,LinkedIn,PIP,1.2,3,6,3,2
"Foss, Jason",10015,1,1,3,4,0,178000,0,12,IT Director,QLD,5/07/1985,Male,Citizen,No,15/04/2016,,N/A-StillEmployed,Active,IT/IS,Jennifer Zamora,5,Indeed,Exceeds,5,5,5,0,15
"Galia, Lisa",10273,0,1,3,3,0,65707,0,14,IT Support,NSW,6/07/1973,Female,Citizen,No,1/05/2015,,N/A-StillEmployed,Active,IT/IS,Eric Dougall,6,LinkedIn,Fully Meets,4.7,4,5,0,1
"Goble, Taisha",10246,0,4,3,3,0,114800,1,8,Database Administrator,QLD,23/10/1976,Female,Citizen,No,16/02/2020,15/03/2020,"no-call, no-show",Terminated for Cause,IT/IS,Simon Roup,4,Indeed,Fully Meets,4.6,4,4,0,10
"Goeth, Amon",10228,1,1,3,3,0,74679,0,14,IT Support,QLD,24/11/1994,Male,Citizen,Yes,30/03/2020,,N/A-StillEmployed,Active,IT/IS,Peter Monroe,7,LinkedIn,Fully Meets,4.3,5,7,0,20
"Gonzalez, Maria",10101,0,1,3,3,0,61242,0,14,IT Support,QLD,16/04/1986,Female,Citizen,Yes,5/01/2020,,N/A-StillEmployed,Active,IT/IS,Peter Monroe,7,Employee Referral,Fully Meets,4.61,4,5,0,11
"Gruber, Hans",10234,1,1,3,3,0,99020,0,4,BI Developer,QLD,30/06/1994,Male,Citizen,No,20/04/2022,,N/A-StillEmployed,Active,IT/IS,Brian Champaigne,13,Indeed,Fully Meets,4.2,5,5,0,8
"Horton, Jayne",10112,0,1,3,3,0,97999,0,8,Database Administrator,QLD,21/02/1989,Female,Citizen,No,30/03/2020,,N/A-StillEmployed,Active,IT/IS,Simon Roup,4,Indeed,Fully Meets,4.48,5,6,0,4
"Johnson, Noelle ",10156,0,3,3,3,0,105700,0,8,Database Administrator,QLD,7/11/1991,Female,Citizen,No,5/01/2020,,N/A-StillEmployed,Active,IT/IS,Simon Roup,4,Indeed,Fully Meets,3.75,3,5,0,2
"Lajiri,  Jyoti",10113,1,3,3,3,0,93206,0,28,Sr. Network Engineer,QLD,23/04/1991,Male,Citizen,No,10/11/2019,,N/A-StillEmployed,Active,IT/IS,Peter Monroe,7,Employee Referral,Fully Meets,4.46,5,6,0,7
"Le, Binh",10232,2,1,3,3,0,81584,0,22,Senior BI Developer,QLD,14/06/1992,Non Binary,Citizen,No,2/10/2021,,N/A-StillEmployed,Active,IT/IS,Brian Champaigne,13,Indeed,Fully Meets,4.1,5,7,0,2
"Lindsay, Leonara ",10008,0,1,3,4,1,51777,0,14,IT Support,NSW,5/10/1993,Female,Citizen,Yes,21/01/2016,,N/A-StillEmployed,Active,IT/IS,Eric Dougall,6,Diversity Job Fair,Exceeds,4.64,4,5,0,14
"Monroe, Peter",10288,1,1,3,2,1,157000,0,13,IT Manager - Infra,QLD,5/10/1991,Male,Permanent Resident,Yes,15/02/2017,,N/A-StillEmployed,Active,IT/IS,Jennifer Zamora,5,Diversity Job Fair,Needs Improvement,2.39,3,6,4,13
"Morway, Tanya",10151,0,1,3,3,0,52599,0,15,Network Engineer,QLD,4/04/1984,Female,Citizen,No,16/02/2020,,N/A-StillEmployed,Active,IT/IS,Peter Monroe,7,CareerBuilder,Fully Meets,3.81,3,6,0,6
"Navathe, Kurt",10079,1,1,3,3,0,87921,0,22,Senior BI Developer,QLD,25/04/1975,Male,Citizen,No,10/02/2022,,N/A-StillEmployed,Active,IT/IS,Brian Champaigne,13,Indeed,Fully Meets,5,3,6,0,17
"Pearson, Randall",10259,1,5,3,3,0,93093,1,9,Data Analyst,QLD,5/09/1989,Male,Citizen,No,1/12/2019,1/05/2021,performance,Voluntarily Terminated,IT/IS,Simon Roup,4,Employee Referral,Fully Meets,4.7,4,5,0,19
"Petrowsky, Thelma",10016,0,1,3,4,0,93554,0,9,Data Analyst,QLD,16/09/1989,Female,Citizen,No,10/11/2019,,N/A-StillEmployed,Active,IT/IS,Simon Roup,4,Employee Referral,Exceeds,4.6,5,7,0,16
"Rachael, Maggie",10239,0,1,3,3,0,95920,0,4,BI Developer,QLD,12/05/1985,Female,Citizen,No,2/10/2021,,N/A-StillEmployed,Active,IT/IS,Brian Champaigne,13,Indeed,Fully Meets,4.4,4,6,0,10
"Roby, Lori ",10162,0,1,3,3,0,89883,0,9,Data Analyst,QLD,11/10/1986,Female,Citizen,No,16/02/2020,,N/A-StillEmployed,Active,IT/IS,Simon Roup,4,Employee Referral,Fully Meets,3.69,5,6,0,15
"Roehrich, Bianca",10149,0,5,3,3,0,120000,1,29,Principal Data Architect,QLD,27/05/1978,Female,Citizen,Yes,5/01/2020,10/11/2023,Another position,Voluntarily Terminated,IT/IS,Simon Roup,4,LinkedIn,Fully Meets,3.88,3,7,0,12
"Roper, Katie",10086,0,1,3,3,0,150290,0,7,Data Architect,QLD,21/11/1977,Female,Citizen,No,7/01/2022,,N/A-StillEmployed,Active,IT/IS,Brian Champaigne,13,Indeed,Fully Meets,4.94,3,5,0,17
"Roup,Simon",10198,1,1,3,3,0,140920,0,13,IT Manager - DB,QLD,5/04/1978,Male,Citizen,No,20/01/2018,,N/A-StillEmployed,Active,IT/IS,Jennifer Zamora,5,Indeed,Fully Meets,3.6,5,7,0,13
"Ruiz, Ricardo",10222,1,5,3,3,1,148999,1,13,IT Manager - DB,QLD,4/01/1969,Male,Citizen,No,9/01/2017,4/11/2020,hours,Voluntarily Terminated,IT/IS,Jennifer Zamora,5,Diversity Job Fair,Fully Meets,4.3,4,6,0,8
"Salter, Jason",10229,2,5,3,3,0,88527,1,9,Data Analyst,QLD,17/12/1992,Non Binary,Citizen,No,5/01/2020,31/10/2020,hours,Voluntarily Terminated,IT/IS,Simon Roup,4,LinkedIn,Fully Meets,4.2,3,5,0,2
"Shepard, Anita ",10179,0,1,3,3,0,50750,0,15,Network Engineer,QLD,14/04/1986,Female,Citizen,No,30/09/2019,,N/A-StillEmployed,Active,IT/IS,Peter Monroe,7,LinkedIn,Fully Meets,3.31,3,6,0,7
"Simard, Kramer",10178,1,1,3,3,0,87826,0,9,Data Analyst,QLD,8/02/1975,Male,Citizen,Yes,5/01/2020,,N/A-StillEmployed,Active,IT/IS,Simon Roup,4,Employee Referral,Fully Meets,3.32,3,7,0,16
"Soto, Julia ",10119,0,1,3,3,0,66593,0,14,IT Support,QLD,12/03/1978,Female,Citizen,No,10/06/2016,,N/A-StillEmployed,Active,IT/IS,Eric Dougall,6,LinkedIn,Fully Meets,4.3,3,5,0,19
"Soze, Keyser",10180,1,2,3,3,0,87565,0,28,Sr. Network Engineer,QLD,9/02/1988,Male,Citizen,No,30/06/2021,,N/A-StillEmployed,Active,IT/IS,Peter Monroe,7,LinkedIn,Fully Meets,3.27,4,5,0,13
"Tannen, Biff",10173,1,1,3,3,0,90100,0,4,BI Developer,QLD,24/10/1992,Male,Citizen,No,20/04/2022,,N/A-StillEmployed,Active,IT/IS,Brian Champaigne,13,Indeed,Fully Meets,3.4,3,6,0,14
"Tredinnick, Neville ",10044,1,5,3,3,0,75281,1,15,Network Engineer,QLD,5/05/1993,Male,Citizen,No,5/01/2020,12/02/2021,medical issues,Voluntarily Terminated,IT/IS,Peter Monroe,7,CareerBuilder,Fully Meets,5,3,5,0,11
"Turpin, Jumil",10045,1,1,3,3,0,76029,0,15,Network Engineer,QLD,31/03/1974,Male,Permanent Resident,No,30/03/2020,,N/A-StillEmployed,Active,IT/IS,Peter Monroe,7,Employee Referral,Fully Meets,5,4,7,0,8
"Voldemort, Lord",10118,1,4,3,3,0,113999,1,8,Database Administrator,QLD,7/08/1991,Male,Citizen,No,16/02/2020,22/02/2022,"no-call, no-show",Terminated for Cause,IT/IS,Simon Roup,4,Employee Referral,Fully Meets,4.33,3,7,0,9
"Wang, Charlie",10172,1,1,3,3,0,84903,0,22,Senior BI Developer,QLD,8/07/1986,Male,Citizen,No,15/02/2022,,N/A-StillEmployed,Active,IT/IS,Brian Champaigne,13,Indeed,Fully Meets,3.42,4,7,0,17
"Warfield, Sarah",10127,0,1,3,3,0,107226,0,28,Sr. Network Engineer,QLD,2/05/1983,Female,Citizen,No,30/03/2020,,N/A-StillEmployed,Active,IT/IS,Peter Monroe,7,Employee Referral,Fully Meets,4.2,4,8,0,7
"Zamora, Jennifer",10010,0,1,3,4,0,220450,0,6,CIO,QLD,30/08/1984,Female,Citizen,No,10/04/2015,,N/A-StillEmployed,Active,IT/IS,Janet King,2,Employee Referral,Exceeds,4.6,5,6,0,16
"Zhou, Julia",10043,0,1,3,3,0,89292,0,9,Data Analyst,QLD,24/02/1984,Female,Citizen,No,30/03/2020,,N/A-StillEmployed,Active,IT/IS,Simon Roup,4,Employee Referral,Fully Meets,5,3,5,0,11
